time,event,event_type,process,device,ready_queue,wait_queue,cpus,ios
7,1 added to ready queue,enqueue,1,,['1'],[],[None],"[None, None]"
7,1 dispatched to CPU0,dispatch_cpu,1,CPU0,[],[],['1'],"[None, None]"
9,2 added to ready queue,enqueue,2,,['2'],[],['1'],"[None, None]"
9,1 preempted (RR quantum expired),preempt_cpu,1,CPU0,"['2', '1']",[],[None],"[None, None]"
9,2 dispatched to CPU0,dispatch_cpu,2,CPU0,['1'],[],['2'],"[None, None]"
11,2 preempted (RR quantum expired),preempt_cpu,2,CPU0,"['1', '2']",[],[None],"[None, None]"
11,1 dispatched to CPU0,dispatch_cpu,1,CPU0,['2'],[],['1'],"[None, None]"
13,1 preempted (RR quantum expired),preempt_cpu,1,CPU0,"['2', '1']",[],[None],"[None, None]"
13,2 dispatched to CPU0,dispatch_cpu,2,CPU0,['1'],[],['2'],"[None, None]"
15,2 finished CPU → wait queue,cpu_to_io,2,CPU0,['1'],['2'],[None],"[None, None]"
15,1 dispatched to CPU0,dispatch_cpu,1,CPU0,[],['2'],['1'],"[None, None]"
15,2 dispatched to IO0,dispatch_io,2,IO0,[],[],['1'],"['2', None]"
17,3 added to ready queue,enqueue,3,,['3'],[],['1'],"['2', None]"
17,1 preempted (RR quantum expired),preempt_cpu,1,CPU0,"['3', '1']",[],[None],"['2', None]"
17,3 dispatched to CPU0,dispatch_cpu,3,CPU0,['1'],[],['3'],"['2', None]"
19,3 preempted (RR quantum expired),preempt_cpu,3,CPU0,"['1', '3']",[],[None],"['2', None]"
19,1 dispatched to CPU0,dispatch_cpu,1,CPU0,['3'],[],['1'],"['2', None]"
20,1 finished CPU → ready queue,cpu_to_ready,1,CPU0,"['3', '1']",[],[None],"['2', None]"
20,3 dispatched to CPU0,dispatch_cpu,3,CPU0,['1'],[],['3'],"['2', None]"
22,3 finished CPU → wait queue,cpu_to_io,3,CPU0,['1'],['3'],[None],"['2', None]"
22,1 dispatched to CPU0,dispatch_cpu,1,CPU0,[],['3'],['1'],"['2', None]"
22,3 dispatched to IO1,dispatch_io,3,IO1,[],[],['1'],"['2', '3']"
24,1 preempted (RR quantum expired),preempt_cpu,1,CPU0,['1'],[],[None],"['2', '3']"
24,1 dispatched to CPU0,dispatch_cpu,1,CPU0,[],[],['1'],"['2', '3']"
26,1 preempted (RR quantum expired),preempt_cpu,1,CPU0,['1'],[],[None],"['2', '3']"
26,1 dispatched to CPU0,dispatch_cpu,1,CPU0,[],[],['1'],"['2', '3']"
28,1 preempted (RR quantum expired),preempt_cpu,1,CPU0,['1'],[],[None],"['2', '3']"
28,1 dispatched to CPU0,dispatch_cpu,1,CPU0,[],[],['1'],"['2', '3']"
29,2 finished I/O → ready queue,io_to_ready,2,IO0,['2'],[],['1'],"[None, '3']"
30,4 added to ready queue,enqueue,4,,"['2', '4']",[],['1'],"[None, '3']"
30,1 preempted (RR quantum expired),preempt_cpu,1,CPU0,"['2', '4', '1']",[],[None],"[None, '3']"
30,2 dispatched to CPU0,dispatch_cpu,2,CPU0,"['4', '1']",[],['2'],"[None, '3']"
32,2 preempted (RR quantum expired),preempt_cpu,2,CPU0,"['4', '1', '2']",[],[None],"[None, '3']"
32,4 dispatched to CPU0,dispatch_cpu,4,CPU0,"['1', '2']",[],['4'],"[None, '3']"
34,4 preempted (RR quantum expired),preempt_cpu,4,CPU0,"['1', '2', '4']",[],[None],"[None, '3']"
34,1 dispatched to CPU0,dispatch_cpu,1,CPU0,"['2', '4']",[],['1'],"[None, '3']"
36,1 preempted (RR quantum expired),preempt_cpu,1,CPU0,"['2', '4', '1']",[],[None],"[None, '3']"
36,2 dispatched to CPU0,dispatch_cpu,2,CPU0,"['4', '1']",[],['2'],"[None, '3']"
38,2 preempted (RR quantum expired),preempt_cpu,2,CPU0,"['4', '1', '2']",[],[None],"[None, '3']"
38,4 dispatched to CPU0,dispatch_cpu,4,CPU0,"['1', '2']",[],['4'],"[None, '3']"
39,3 finished I/O → ready queue,io_to_ready,3,IO1,"['1', '2', '3']",[],['4'],"[None, None]"
40,4 preempted (RR quantum expired),preempt_cpu,4,CPU0,"['1', '2', '3', '4']",[],[None],"[None, None]"
40,1 dispatched to CPU0,dispatch_cpu,1,CPU0,"['2', '3', '4']",[],['1'],"[None, None]"
42,1 preempted (RR quantum expired),preempt_cpu,1,CPU0,"['2', '3', '4', '1']",[],[None],"[None, None]"
42,2 dispatched to CPU0,dispatch_cpu,2,CPU0,"['3', '4', '1']",[],['2'],"[None, None]"
43,2 finished CPU → wait queue,cpu_to_io,2,CPU0,"['3', '4', '1']",['2'],[None],"[None, None]"
43,3 dispatched to CPU0,dispatch_cpu,3,CPU0,"['4', '1']",['2'],['3'],"[None, None]"
43,2 dispatched to IO0,dispatch_io,2,IO0,"['4', '1']",[],['3'],"['2', None]"
45,5 added to ready queue,enqueue,5,,"['4', '1', '5']",[],['3'],"['2', None]"
45,3 preempted (RR quantum expired),preempt_cpu,3,CPU0,"['4', '1', '5', '3']",[],[None],"['2', None]"
45,4 dispatched to CPU0,dispatch_cpu,4,CPU0,"['1', '5', '3']",[],['4'],"['2', None]"
47,4 preempted (RR quantum expired),preempt_cpu,4,CPU0,"['1', '5', '3', '4']",[],[None],"['2', None]"
47,1 dispatched to CPU0,dispatch_cpu,1,CPU0,"['5', '3', '4']",[],['1'],"['2', None]"
49,1 preempted (RR quantum expired),preempt_cpu,1,CPU0,"['5', '3', '4', '1']",[],[None],"['2', None]"
49,5 dispatched to CPU0,dispatch_cpu,5,CPU0,"['3', '4', '1']",[],['5'],"['2', None]"
50,6 added to ready queue,enqueue,6,,"['3', '4', '1', '6']",[],['5'],"['2', None]"
51,5 preempted (RR quantum expired),preempt_cpu,5,CPU0,"['3', '4', '1', '6', '5']",[],[None],"['2', None]"
51,3 dispatched to CPU0,dispatch_cpu,3,CPU0,"['4', '1', '6', '5']",[],['3'],"['2', None]"
53,3 preempted (RR quantum expired),preempt_cpu,3,CPU0,"['4', '1', '6', '5', '3']",[],[None],"['2', None]"
53,4 dispatched to CPU0,dispatch_cpu,4,CPU0,"['1', '6', '5', '3']",[],['4'],"['2', None]"
55,7 added to ready queue,enqueue,7,,"['1', '6', '5', '3', '7']",[],['4'],"['2', None]"
55,4 preempted (RR quantum expired),preempt_cpu,4,CPU0,"['1', '6', '5', '3', '7', '4']",[],[None],"['2', None]"
55,1 dispatched to CPU0,dispatch_cpu,1,CPU0,"['6', '5', '3', '7', '4']",[],['1'],"['2', None]"
57,1 preempted (RR quantum expired),preempt_cpu,1,CPU0,"['6', '5', '3', '7', '4', '1']",[],[None],"['2', None]"
57,6 dispatched to CPU0,dispatch_cpu,6,CPU0,"['5', '3', '7', '4', '1']",[],['6'],"['2', None]"
59,6 preempted (RR quantum expired),preempt_cpu,6,CPU0,"['5', '3', '7', '4', '1', '6']",[],[None],"['2', None]"
59,5 dispatched to CPU0,dispatch_cpu,5,CPU0,"['3', '7', '4', '1', '6']",[],['5'],"['2', None]"
60,5 finished CPU → ready queue,cpu_to_ready,5,CPU0,"['3', '7', '4', '1', '6', '5']",[],[None],"['2', None]"
60,3 dispatched to CPU0,dispatch_cpu,3,CPU0,"['7', '4', '1', '6', '5']",[],['3'],"['2', None]"
62,3 preempted (RR quantum expired),preempt_cpu,3,CPU0,"['7', '4', '1', '6', '5', '3']",[],[None],"['2', None]"
62,7 dispatched to CPU0,dispatch_cpu,7,CPU0,"['4', '1', '6', '5', '3']",[],['7'],"['2', None]"
64,8 added to ready queue,enqueue,8,,"['4', '1', '6', '5', '3', '8']",[],['7'],"['2', None]"
64,7 preempted (RR quantum expired),preempt_cpu,7,CPU0,"['4', '1', '6', '5', '3', '8', '7']",[],[None],"['2', None]"
64,2 finished I/O → ready queue,io_to_ready,2,IO0,"['4', '1', '6', '5', '3', '8', '7', '2']",[],[None],"[None, None]"
64,4 dispatched to CPU0,dispatch_cpu,4,CPU0,"['1', '6', '5', '3', '8', '7', '2']",[],['4'],"[None, None]"
66,4 finished CPU → wait queue,cpu_to_io,4,CPU0,"['1', '6', '5', '3', '8', '7', '2']",['4'],[None],"[None, None]"
66,1 dispatched to CPU0,dispatch_cpu,1,CPU0,"['6', '5', '3', '8', '7', '2']",['4'],['1'],"[None, None]"
66,4 dispatched to IO0,dispatch_io,4,IO0,"['6', '5', '3', '8', '7', '2']",[],['1'],"['4', None]"
67,1 finished CPU → ready queue,cpu_to_ready,1,CPU0,"['6', '5', '3', '8', '7', '2', '1']",[],[None],"['4', None]"
67,6 dispatched to CPU0,dispatch_cpu,6,CPU0,"['5', '3', '8', '7', '2', '1']",[],['6'],"['4', None]"
69,6 preempted (RR quantum expired),preempt_cpu,6,CPU0,"['5', '3', '8', '7', '2', '1', '6']",[],[None],"['4', None]"
69,5 dispatched to CPU0,dispatch_cpu,5,CPU0,"['3', '8', '7', '2', '1', '6']",[],['5'],"['4', None]"
71,5 preempted (RR quantum expired),preempt_cpu,5,CPU0,"['3', '8', '7', '2', '1', '6', '5']",[],[None],"['4', None]"
71,3 dispatched to CPU0,dispatch_cpu,3,CPU0,"['8', '7', '2', '1', '6', '5']",[],['3'],"['4', None]"
73,3 finished CPU → wait queue,cpu_to_io,3,CPU0,"['8', '7', '2', '1', '6', '5']",['3'],[None],"['4', None]"
73,8 dispatched to CPU0,dispatch_cpu,8,CPU0,"['7', '2', '1', '6', '5']",['3'],['8'],"['4', None]"
73,3 dispatched to IO1,dispatch_io,3,IO1,"['7', '2', '1', '6', '5']",[],['8'],"['4', '3']"
75,8 preempted (RR quantum expired),preempt_cpu,8,CPU0,"['7', '2', '1', '6', '5', '8']",[],[None],"['4', '3']"
75,7 dispatched to CPU0,dispatch_cpu,7,CPU0,"['2', '1', '6', '5', '8']",[],['7'],"['4', '3']"
76,3 finished I/O → ready queue,io_to_ready,3,IO1,"['2', '1', '6', '5', '8', '3']",[],['7'],"['4', None]"
77,7 finished CPU → wait queue,cpu_to_io,7,CPU0,"['2', '1', '6', '5', '8', '3']",['7'],[None],"['4', None]"
77,2 dispatched to CPU0,dispatch_cpu,2,CPU0,"['1', '6', '5', '8', '3']",['7'],['2'],"['4', None]"
77,7 dispatched to IO1,dispatch_io,7,IO1,"['1', '6', '5', '8', '3']",[],['2'],"['4', '7']"
78,9 added to ready queue,enqueue,9,,"['1', '6', '5', '8', '3', '9']",[],['2'],"['4', '7']"
79,2 preempted (RR quantum expired),preempt_cpu,2,CPU0,"['1', '6', '5', '8', '3', '9', '2']",[],[None],"['4', '7']"
79,1 dispatched to CPU0,dispatch_cpu,1,CPU0,"['6', '5', '8', '3', '9', '2']",[],['1'],"['4', '7']"
81,1 preempted (RR quantum expired),preempt_cpu,1,CPU0,"['6', '5', '8', '3', '9', '2', '1']",[],[None],"['4', '7']"
81,6 dispatched to CPU0,dispatch_cpu,6,CPU0,"['5', '8', '3', '9', '2', '1']",[],['6'],"['4', '7']"
83,6 preempted (RR quantum expired),preempt_cpu,6,CPU0,"['5', '8', '3', '9', '2', '1', '6']",[],[None],"['4', '7']"
83,5 dispatched to CPU0,dispatch_cpu,5,CPU0,"['8', '3', '9', '2', '1', '6']",[],['5'],"['4', '7']"
85,5 preempted (RR quantum expired),preempt_cpu,5,CPU0,"['8', '3', '9', '2', '1', '6', '5']",[],[None],"['4', '7']"
85,4 finished I/O → ready queue,io_to_ready,4,IO0,"['8', '3', '9', '2', '1', '6', '5', '4']",[],[None],"[None, '7']"
85,8 dispatched to CPU0,dispatch_cpu,8,CPU0,"['3', '9', '2', '1', '6', '5', '4']",[],['8'],"[None, '7']"
87,8 preempted (RR quantum expired),preempt_cpu,8,CPU0,"['3', '9', '2', '1', '6', '5', '4', '8']",[],[None],"[None, '7']"
87,3 dispatched to CPU0,dispatch_cpu,3,CPU0,"['9', '2', '1', '6', '5', '4', '8']",[],['3'],"[None, '7']"
89,3 preempted (RR quantum expired),preempt_cpu,3,CPU0,"['9', '2', '1', '6', '5', '4', '8', '3']",[],[None],"[None, '7']"
89,9 dispatched to CPU0,dispatch_cpu,9,CPU0,"['2', '1', '6', '5', '4', '8', '3']",[],['9'],"[None, '7']"
91,9 preempted (RR quantum expired),preempt_cpu,9,CPU0,"['2', '1', '6', '5', '4', '8', '3', '9']",[],[None],"[None, '7']"
91,7 finished I/O → ready queue,io_to_ready,7,IO1,"['2', '1', '6', '5', '4', '8', '3', '9', '7']",[],[None],"[None, None]"
91,2 dispatched to CPU0,dispatch_cpu,2,CPU0,"['1', '6', '5', '4', '8', '3', '9', '7']",[],['2'],"[None, None]"
93,2 preempted (RR quantum expired),preempt_cpu,2,CPU0,"['1', '6', '5', '4', '8', '3', '9', '7', '2']",[],[None],"[None, None]"
93,1 dispatched to CPU0,dispatch_cpu,1,CPU0,"['6', '5', '4', '8', '3', '9', '7', '2']",[],['1'],"[None, None]"
95,1 preempted (RR quantum expired),preempt_cpu,1,CPU0,"['6', '5', '4', '8', '3', '9', '7', '2', '1']",[],[None],"[None, None]"
95,6 dispatched to CPU0,dispatch_cpu,6,CPU0,"['5', '4', '8', '3', '9', '7', '2', '1']",[],['6'],"[None, None]"
97,6 finished CPU → wait queue,cpu_to_io,6,CPU0,"['5', '4', '8', '3', '9', '7', '2', '1']",['6'],[None],"[None, None]"
97,5 dispatched to CPU0,dispatch_cpu,5,CPU0,"['4', '8', '3', '9', '7', '2', '1']",['6'],['5'],"[None, None]"
97,6 dispatched to IO0,dispatch_io,6,IO0,"['4', '8', '3', '9', '7', '2', '1']",[],['5'],"['6', None]"
99,5 preempted (RR quantum expired),preempt_cpu,5,CPU0,"['4', '8', '3', '9', '7', '2', '1', '5']",[],[None],"['6', None]"
99,4 dispatched to CPU0,dispatch_cpu,4,CPU0,"['8', '3', '9', '7', '2', '1', '5']",[],['4'],"['6', None]"
101,10 added to ready queue,enqueue,10,,"['8', '3', '9', '7', '2', '1', '5', '10']",[],['4'],"['6', None]"
101,4 preempted (RR quantum expired),preempt_cpu,4,CPU0,"['8', '3', '9', '7', '2', '1', '5', '10', '4']",[],[None],"['6', None]"
101,8 dispatched to CPU0,dispatch_cpu,8,CPU0,"['3', '9', '7', '2', '1', '5', '10', '4']",[],['8'],"['6', None]"
103,8 preempted (RR quantum expired),preempt_cpu,8,CPU0,"['3', '9', '7', '2', '1', '5', '10', '4', '8']",[],[None],"['6', None]"
103,3 dispatched to CPU0,dispatch_cpu,3,CPU0,"['9', '7', '2', '1', '5', '10', '4', '8']",[],['3'],"['6', None]"
105,3 preempted (RR quantum expired),preempt_cpu,3,CPU0,"['9', '7', '2', '1', '5', '10', '4', '8', '3']",[],[None],"['6', None]"
105,9 dispatched to CPU0,dispatch_cpu,9,CPU0,"['7', '2', '1', '5', '10', '4', '8', '3']",[],['9'],"['6', None]"
107,9 preempted (RR quantum expired),preempt_cpu,9,CPU0,"['7', '2', '1', '5', '10', '4', '8', '3', '9']",[],[None],"['6', None]"
107,7 dispatched to CPU0,dispatch_cpu,7,CPU0,"['2', '1', '5', '10', '4', '8', '3', '9']",[],['7'],"['6', None]"
109,7 preempted (RR quantum expired),preempt_cpu,7,CPU0,"['2', '1', '5', '10', '4', '8', '3', '9', '7']",[],[None],"['6', None]"
109,2 dispatched to CPU0,dispatch_cpu,2,CPU0,"['1', '5', '10', '4', '8', '3', '9', '7']",[],['2'],"['6', None]"
111,2 finished CPU → ready queue,cpu_to_ready,2,CPU0,"['1', '5', '10', '4', '8', '3', '9', '7', '2']",[],[None],"['6', None]"
111,6 finished I/O → ready queue,io_to_ready,6,IO0,"['1', '5', '10', '4', '8', '3', '9', '7', '2', '6']",[],[None],"[None, None]"
111,1 dispatched to CPU0,dispatch_cpu,1,CPU0,"['5', '10', '4', '8', '3', '9', '7', '2', '6']",[],['1'],"[None, None]"
113,1 preempted (RR quantum expired),preempt_cpu,1,CPU0,"['5', '10', '4', '8', '3', '9', '7', '2', '6', '1']",[],[None],"[None, None]"
113,5 dispatched to CPU0,dispatch_cpu,5,CPU0,"['10', '4', '8', '3', '9', '7', '2', '6', '1']",[],['5'],"[None, None]"
114,5 finished CPU → ready queue,cpu_to_ready,5,CPU0,"['10', '4', '8', '3', '9', '7', '2', '6', '1', '5']",[],[None],"[None, None]"
114,10 dispatched to CPU0,dispatch_cpu,10,CPU0,"['4', '8', '3', '9', '7', '2', '6', '1', '5']",[],['10'],"[None, None]"
116,10 preempted (RR quantum expired),preempt_cpu,10,CPU0,"['4', '8', '3', '9', '7', '2', '6', '1', '5', '10']",[],[None],"[None, None]"
116,4 dispatched to CPU0,dispatch_cpu,4,CPU0,"['8', '3', '9', '7', '2', '6', '1', '5', '10']",[],['4'],"[None, None]"
118,4 preempted (RR quantum expired),preempt_cpu,4,CPU0,"['8', '3', '9', '7', '2', '6', '1', '5', '10', '4']",[],[None],"[None, None]"
118,8 dispatched to CPU0,dispatch_cpu,8,CPU0,"['3', '9', '7', '2', '6', '1', '5', '10', '4']",[],['8'],"[None, None]"
120,8 preempted (RR quantum expired),preempt_cpu,8,CPU0,"['3', '9', '7', '2', '6', '1', '5', '10', '4', '8']",[],[None],"[None, None]"
120,3 dispatched to CPU0,dispatch_cpu,3,CPU0,"['9', '7', '2', '6', '1', '5', '10', '4', '8']",[],['3'],"[None, None]"
122,3 preempted (RR quantum expired),preempt_cpu,3,CPU0,"['9', '7', '2', '6', '1', '5', '10', '4', '8', '3']",[],[None],"[None, None]"
122,9 dispatched to CPU0,dispatch_cpu,9,CPU0,"['7', '2', '6', '1', '5', '10', '4', '8', '3']",[],['9'],"[None, None]"
124,9 finished CPU → ready queue,cpu_to_ready,9,CPU0,"['7', '2', '6', '1', '5', '10', '4', '8', '3', '9']",[],[None],"[None, None]"
124,7 dispatched to CPU0,dispatch_cpu,7,CPU0,"['2', '6', '1', '5', '10', '4', '8', '3', '9']",[],['7'],"[None, None]"
126,7 preempted (RR quantum expired),preempt_cpu,7,CPU0,"['2', '6', '1', '5', '10', '4', '8', '3', '9', '7']",[],[None],"[None, None]"
126,2 dispatched to CPU0,dispatch_cpu,2,CPU0,"['6', '1', '5', '10', '4', '8', '3', '9', '7']",[],['2'],"[None, None]"
128,2 preempted (RR quantum expired),preempt_cpu,2,CPU0,"['6', '1', '5', '10', '4', '8', '3', '9', '7', '2']",[],[None],"[None, None]"
128,6 dispatched to CPU0,dispatch_cpu,6,CPU0,"['1', '5', '10', '4', '8', '3', '9', '7', '2']",[],['6'],"[None, None]"
130,6 preempted (RR quantum expired),preempt_cpu,6,CPU0,"['1', '5', '10', '4', '8', '3', '9', '7', '2', '6']",[],[None],"[None, None]"
130,1 dispatched to CPU0,dispatch_cpu,1,CPU0,"['5', '10', '4', '8', '3', '9', '7', '2', '6']",[],['1'],"[None, None]"
132,1 finished CPU → wait queue,cpu_to_io,1,CPU0,"['5', '10', '4', '8', '3', '9', '7', '2', '6']",['1'],[None],"[None, None]"
132,5 dispatched to CPU0,dispatch_cpu,5,CPU0,"['10', '4', '8', '3', '9', '7', '2', '6']",['1'],['5'],"[None, None]"
132,1 dispatched to IO0,dispatch_io,1,IO0,"['10', '4', '8', '3', '9', '7', '2', '6']",[],['5'],"['1', None]"
134,5 preempted (RR quantum expired),preempt_cpu,5,CPU0,"['10', '4', '8', '3', '9', '7', '2', '6', '5']",[],[None],"['1', None]"
134,10 dispatched to CPU0,dispatch_cpu,10,CPU0,"['4', '8', '3', '9', '7', '2', '6', '5']",[],['10'],"['1', None]"
136,10 preempted (RR quantum expired),preempt_cpu,10,CPU0,"['4', '8', '3', '9', '7', '2', '6', '5', '10']",[],[None],"['1', None]"
136,4 dispatched to CPU0,dispatch_cpu,4,CPU0,"['8', '3', '9', '7', '2', '6', '5', '10']",[],['4'],"['1', None]"
138,4 preempted (RR quantum expired),preempt_cpu,4,CPU0,"['8', '3', '9', '7', '2', '6', '5', '10', '4']",[],[None],"['1', None]"
138,8 dispatched to CPU0,dispatch_cpu,8,CPU0,"['3', '9', '7', '2', '6', '5', '10', '4']",[],['8'],"['1', None]"
140,8 preempted (RR quantum expired),preempt_cpu,8,CPU0,"['3', '9', '7', '2', '6', '5', '10', '4', '8']",[],[None],"['1', None]"
140,3 dispatched to CPU0,dispatch_cpu,3,CPU0,"['9', '7', '2', '6', '5', '10', '4', '8']",[],['3'],"['1', None]"
141,1 finished I/O → ready queue,io_to_ready,1,IO0,"['9', '7', '2', '6', '5', '10', '4', '8', '1']",[],['3'],"[None, None]"
142,3 preempted (RR quantum expired),preempt_cpu,3,CPU0,"['9', '7', '2', '6', '5', '10', '4', '8', '1', '3']",[],[None],"[None, None]"
142,9 dispatched to CPU0,dispatch_cpu,9,CPU0,"['7', '2', '6', '5', '10', '4', '8', '1', '3']",[],['9'],"[None, None]"
144,9 preempted (RR quantum expired),preempt_cpu,9,CPU0,"['7', '2', '6', '5', '10', '4', '8', '1', '3', '9']",[],[None],"[None, None]"
144,7 dispatched to CPU0,dispatch_cpu,7,CPU0,"['2', '6', '5', '10', '4', '8', '1', '3', '9']",[],['7'],"[None, None]"
146,7 preempted (RR quantum expired),preempt_cpu,7,CPU0,"['2', '6', '5', '10', '4', '8', '1', '3', '9', '7']",[],[None],"[None, None]"
146,2 dispatched to CPU0,dispatch_cpu,2,CPU0,"['6', '5', '10', '4', '8', '1', '3', '9', '7']",[],['2'],"[None, None]"
148,2 finished CPU → wait queue,cpu_to_io,2,CPU0,"['6', '5', '10', '4', '8', '1', '3', '9', '7']",['2'],[None],"[None, None]"
148,6 dispatched to CPU0,dispatch_cpu,6,CPU0,"['5', '10', '4', '8', '1', '3', '9', '7']",['2'],['6'],"[None, None]"
148,2 dispatched to IO0,dispatch_io,2,IO0,"['5', '10', '4', '8', '1', '3', '9', '7']",[],['6'],"['2', None]"
150,6 finished CPU → wait queue,cpu_to_io,6,CPU0,"['5', '10', '4', '8', '1', '3', '9', '7']",['6'],[None],"['2', None]"
150,5 dispatched to CPU0,dispatch_cpu,5,CPU0,"['10', '4', '8', '1', '3', '9', '7']",['6'],['5'],"['2', None]"
150,6 dispatched to IO1,dispatch_io,6,IO1,"['10', '4', '8', '1', '3', '9', '7']",[],['5'],"['2', '6']"
152,5 preempted (RR quantum expired),preempt_cpu,5,CPU0,"['10', '4', '8', '1', '3', '9', '7', '5']",[],[None],"['2', '6']"
152,10 dispatched to CPU0,dispatch_cpu,10,CPU0,"['4', '8', '1', '3', '9', '7', '5']",[],['10'],"['2', '6']"
154,10 preempted (RR quantum expired),preempt_cpu,10,CPU0,"['4', '8', '1', '3', '9', '7', '5', '10']",[],[None],"['2', '6']"
154,4 dispatched to CPU0,dispatch_cpu,4,CPU0,"['8', '1', '3', '9', '7', '5', '10']",[],['4'],"['2', '6']"
155,4 finished CPU → wait queue,cpu_to_io,4,CPU0,"['8', '1', '3', '9', '7', '5', '10']",['4'],[None],"['2', '6']"
155,8 dispatched to CPU0,dispatch_cpu,8,CPU0,"['1', '3', '9', '7', '5', '10']",['4'],['8'],"['2', '6']"
156,8 finished CPU → ready queue,cpu_to_ready,8,CPU0,"['1', '3', '9', '7', '5', '10', '8']",['4'],[None],"['2', '6']"
156,1 dispatched to CPU0,dispatch_cpu,1,CPU0,"['3', '9', '7', '5', '10', '8']",['4'],['1'],"['2', '6']"
157,6 finished I/O → ready queue,io_to_ready,6,IO1,"['3', '9', '7', '5', '10', '8', '6']",['4'],['1'],"['2', None]"
157,4 dispatched to IO1,dispatch_io,4,IO1,"['3', '9', '7', '5', '10', '8', '6']",[],['1'],"['2', '4']"
158,1 preempted (RR quantum expired),preempt_cpu,1,CPU0,"['3', '9', '7', '5', '10', '8', '6', '1']",[],[None],"['2', '4']"
158,3 dispatched to CPU0,dispatch_cpu,3,CPU0,"['9', '7', '5', '10', '8', '6', '1']",[],['3'],"['2', '4']"
159,2 finished I/O → ready queue,io_to_ready,2,IO0,"['9', '7', '5', '10', '8', '6', '1', '2']",[],['3'],"[None, '4']"
160,3 finished CPU → ready queue,cpu_to_ready,3,CPU0,"['9', '7', '5', '10', '8', '6', '1', '2', '3']",[],[None],"[None, '4']"
160,9 dispatched to CPU0,dispatch_cpu,9,CPU0,"['7', '5', '10', '8', '6', '1', '2', '3']",[],['9'],"[None, '4']"
162,9 preempted (RR quantum expired),preempt_cpu,9,CPU0,"['7', '5', '10', '8', '6', '1', '2', '3', '9']",[],[None],"[None, '4']"
162,7 dispatched to CPU0,dispatch_cpu,7,CPU0,"['5', '10', '8', '6', '1', '2', '3', '9']",[],['7'],"[None, '4']"
163,7 finished CPU → ready queue,cpu_to_ready,7,CPU0,"['5', '10', '8', '6', '1', '2', '3', '9', '7']",[],[None],"[None, '4']"
163,5 dispatched to CPU0,dispatch_cpu,5,CPU0,"['10', '8', '6', '1', '2', '3', '9', '7']",[],['5'],"[None, '4']"
165,5 preempted (RR quantum expired),preempt_cpu,5,CPU0,"['10', '8', '6', '1', '2', '3', '9', '7', '5']",[],[None],"[None, '4']"
165,10 dispatched to CPU0,dispatch_cpu,10,CPU0,"['8', '6', '1', '2', '3', '9', '7', '5']",[],['10'],"[None, '4']"
167,10 finished CPU → wait queue,cpu_to_io,10,CPU0,"['8', '6', '1', '2', '3', '9', '7', '5']",['10'],[None],"[None, '4']"
167,8 dispatched to CPU0,dispatch_cpu,8,CPU0,"['6', '1', '2', '3', '9', '7', '5']",['10'],['8'],"[None, '4']"
167,10 dispatched to IO0,dispatch_io,10,IO0,"['6', '1', '2', '3', '9', '7', '5']",[],['8'],"['10', '4']"
169,8 preempted (RR quantum expired),preempt_cpu,8,CPU0,"['6', '1', '2', '3', '9', '7', '5', '8']",[],[None],"['10', '4']"
169,6 dispatched to CPU0,dispatch_cpu,6,CPU0,"['1', '2', '3', '9', '7', '5', '8']",[],['6'],"['10', '4']"
171,6 preempted (RR quantum expired),preempt_cpu,6,CPU0,"['1', '2', '3', '9', '7', '5', '8', '6']",[],[None],"['10', '4']"
171,1 dispatched to CPU0,dispatch_cpu,1,CPU0,"['2', '3', '9', '7', '5', '8', '6']",[],['1'],"['10', '4']"
173,1 preempted (RR quantum expired),preempt_cpu,1,CPU0,"['2', '3', '9', '7', '5', '8', '6', '1']",[],[None],"['10', '4']"
173,4 finished I/O → ready queue,io_to_ready,4,IO1,"['2', '3', '9', '7', '5', '8', '6', '1', '4']",[],[None],"['10', None]"
173,2 dispatched to CPU0,dispatch_cpu,2,CPU0,"['3', '9', '7', '5', '8', '6', '1', '4']",[],['2'],"['10', None]"
175,2 preempted (RR quantum expired),preempt_cpu,2,CPU0,"['3', '9', '7', '5', '8', '6', '1', '4', '2']",[],[None],"['10', None]"
175,3 dispatched to CPU0,dispatch_cpu,3,CPU0,"['9', '7', '5', '8', '6', '1', '4', '2']",[],['3'],"['10', None]"
177,3 preempted (RR quantum expired),preempt_cpu,3,CPU0,"['9', '7', '5', '8', '6', '1', '4', '2', '3']",[],[None],"['10', None]"
177,9 dispatched to CPU0,dispatch_cpu,9,CPU0,"['7', '5', '8', '6', '1', '4', '2', '3']",[],['9'],"['10', None]"
179,9 finished CPU → ready queue,cpu_to_ready,9,CPU0,"['7', '5', '8', '6', '1', '4', '2', '3', '9']",[],[None],"['10', None]"
179,7 dispatched to CPU0,dispatch_cpu,7,CPU0,"['5', '8', '6', '1', '4', '2', '3', '9']",[],['7'],"['10', None]"
181,7 preempted (RR quantum expired),preempt_cpu,7,CPU0,"['5', '8', '6', '1', '4', '2', '3', '9', '7']",[],[None],"['10', None]"
181,5 dispatched to CPU0,dispatch_cpu,5,CPU0,"['8', '6', '1', '4', '2', '3', '9', '7']",[],['5'],"['10', None]"
183,5 preempted (RR quantum expired),preempt_cpu,5,CPU0,"['8', '6', '1', '4', '2', '3', '9', '7', '5']",[],[None],"['10', None]"
183,8 dispatched to CPU0,dispatch_cpu,8,CPU0,"['6', '1', '4', '2', '3', '9', '7', '5']",[],['8'],"['10', None]"
185,8 preempted (RR quantum expired),preempt_cpu,8,CPU0,"['6', '1', '4', '2', '3', '9', '7', '5', '8']",[],[None],"['10', None]"
185,6 dispatched to CPU0,dispatch_cpu,6,CPU0,"['1', '4', '2', '3', '9', '7', '5', '8']",[],['6'],"['10', None]"
186,10 finished I/O → ready queue,io_to_ready,10,IO0,"['1', '4', '2', '3', '9', '7', '5', '8', '10']",[],['6'],"[None, None]"
187,6 preempted (RR quantum expired),preempt_cpu,6,CPU0,"['1', '4', '2', '3', '9', '7', '5', '8', '10', '6']",[],[None],"[None, None]"
187,1 dispatched to CPU0,dispatch_cpu,1,CPU0,"['4', '2', '3', '9', '7', '5', '8', '10', '6']",[],['1'],"[None, None]"
189,1 preempted (RR quantum expired),preempt_cpu,1,CPU0,"['4', '2', '3', '9', '7', '5', '8', '10', '6', '1']",[],[None],"[None, None]"
189,4 dispatched to CPU0,dispatch_cpu,4,CPU0,"['2', '3', '9', '7', '5', '8', '10', '6', '1']",[],['4'],"[None, None]"
191,4 preempted (RR quantum expired),preempt_cpu,4,CPU0,"['2', '3', '9', '7', '5', '8', '10', '6', '1', '4']",[],[None],"[None, None]"
191,2 dispatched to CPU0,dispatch_cpu,2,CPU0,"['3', '9', '7', '5', '8', '10', '6', '1', '4']",[],['2'],"[None, None]"
193,2 preempted (RR quantum expired),preempt_cpu,2,CPU0,"['3', '9', '7', '5', '8', '10', '6', '1', '4', '2']",[],[None],"[None, None]"
193,3 dispatched to CPU0,dispatch_cpu,3,CPU0,"['9', '7', '5', '8', '10', '6', '1', '4', '2']",[],['3'],"[None, None]"
195,3 preempted (RR quantum expired),preempt_cpu,3,CPU0,"['9', '7', '5', '8', '10', '6', '1', '4', '2', '3']",[],[None],"[None, None]"
195,9 dispatched to CPU0,dispatch_cpu,9,CPU0,"['7', '5', '8', '10', '6', '1', '4', '2', '3']",[],['9'],"[None, None]"
197,9 preempted (RR quantum expired),preempt_cpu,9,CPU0,"['7', '5', '8', '10', '6', '1', '4', '2', '3', '9']",[],[None],"[None, None]"
197,7 dispatched to CPU0,dispatch_cpu,7,CPU0,"['5', '8', '10', '6', '1', '4', '2', '3', '9']",[],['7'],"[None, None]"
199,7 preempted (RR quantum expired),preempt_cpu,7,CPU0,"['5', '8', '10', '6', '1', '4', '2', '3', '9', '7']",[],[None],"[None, None]"
199,5 dispatched to CPU0,dispatch_cpu,5,CPU0,"['8', '10', '6', '1', '4', '2', '3', '9', '7']",[],['5'],"[None, None]"
201,5 finished CPU → ready queue,cpu_to_ready,5,CPU0,"['8', '10', '6', '1', '4', '2', '3', '9', '7', '5']",[],[None],"[None, None]"
201,8 dispatched to CPU0,dispatch_cpu,8,CPU0,"['10', '6', '1', '4', '2', '3', '9', '7', '5']",[],['8'],"[None, None]"
203,8 preempted (RR quantum expired),preempt_cpu,8,CPU0,"['10', '6', '1', '4', '2', '3', '9', '7', '5', '8']",[],[None],"[None, None]"
203,10 dispatched to CPU0,dispatch_cpu,10,CPU0,"['6', '1', '4', '2', '3', '9', '7', '5', '8']",[],['10'],"[None, None]"
205,10 preempted (RR quantum expired),preempt_cpu,10,CPU0,"['6', '1', '4', '2', '3', '9', '7', '5', '8', '10']",[],[None],"[None, None]"
205,6 dispatched to CPU0,dispatch_cpu,6,CPU0,"['1', '4', '2', '3', '9', '7', '5', '8', '10']",[],['6'],"[None, None]"
207,6 finished CPU → wait queue,cpu_to_io,6,CPU0,"['1', '4', '2', '3', '9', '7', '5', '8', '10']",['6'],[None],"[None, None]"
207,1 dispatched to CPU0,dispatch_cpu,1,CPU0,"['4', '2', '3', '9', '7', '5', '8', '10']",['6'],['1'],"[None, None]"
207,6 dispatched to IO0,dispatch_io,6,IO0,"['4', '2', '3', '9', '7', '5', '8', '10']",[],['1'],"['6', None]"
209,1 preempted (RR quantum expired),preempt_cpu,1,CPU0,"['4', '2', '3', '9', '7', '5', '8', '10', '1']",[],[None],"['6', None]"
209,4 dispatched to CPU0,dispatch_cpu,4,CPU0,"['2', '3', '9', '7', '5', '8', '10', '1']",[],['4'],"['6', None]"
210,4 finished CPU → ready queue,cpu_to_ready,4,CPU0,"['2', '3', '9', '7', '5', '8', '10', '1', '4']",[],[None],"['6', None]"
210,2 dispatched to CPU0,dispatch_cpu,2,CPU0,"['3', '9', '7', '5', '8', '10', '1', '4']",[],['2'],"['6', None]"
212,2 preempted (RR quantum expired),preempt_cpu,2,CPU0,"['3', '9', '7', '5', '8', '10', '1', '4', '2']",[],[None],"['6', None]"
212,3 dispatched to CPU0,dispatch_cpu,3,CPU0,"['9', '7', '5', '8', '10', '1', '4', '2']",[],['3'],"['6', None]"
213,3 finished CPU → wait queue,cpu_to_io,3,CPU0,"['9', '7', '5', '8', '10', '1', '4', '2']",['3'],[None],"['6', None]"
213,9 dispatched to CPU0,dispatch_cpu,9,CPU0,"['7', '5', '8', '10', '1', '4', '2']",['3'],['9'],"['6', None]"
213,3 dispatched to IO1,dispatch_io,3,IO1,"['7', '5', '8', '10', '1', '4', '2']",[],['9'],"['6', '3']"
215,9 preempted (RR quantum expired),preempt_cpu,9,CPU0,"['7', '5', '8', '10', '1', '4', '2', '9']",[],[None],"['6', '3']"
215,7 dispatched to CPU0,dispatch_cpu,7,CPU0,"['5', '8', '10', '1', '4', '2', '9']",[],['7'],"['6', '3']"
217,7 preempted (RR quantum expired),preempt_cpu,7,CPU0,"['5', '8', '10', '1', '4', '2', '9', '7']",[],[None],"['6', '3']"
217,5 dispatched to CPU0,dispatch_cpu,5,CPU0,"['8', '10', '1', '4', '2', '9', '7']",[],['5'],"['6', '3']"
219,5 preempted (RR quantum expired),preempt_cpu,5,CPU0,"['8', '10', '1', '4', '2', '9', '7', '5']",[],[None],"['6', '3']"
219,8 dispatched to CPU0,dispatch_cpu,8,CPU0,"['10', '1', '4', '2', '9', '7', '5']",[],['8'],"['6', '3']"
221,8 preempted (RR quantum expired),preempt_cpu,8,CPU0,"['10', '1', '4', '2', '9', '7', '5', '8']",[],[None],"['6', '3']"
221,10 dispatched to CPU0,dispatch_cpu,10,CPU0,"['1', '4', '2', '9', '7', '5', '8']",[],['10'],"['6', '3']"
223,10 preempted (RR quantum expired),preempt_cpu,10,CPU0,"['1', '4', '2', '9', '7', '5', '8', '10']",[],[None],"['6', '3']"
223,1 dispatched to CPU0,dispatch_cpu,1,CPU0,"['4', '2', '9', '7', '5', '8', '10']",[],['1'],"['6', '3']"
225,1 preempted (RR quantum expired),preempt_cpu,1,CPU0,"['4', '2', '9', '7', '5', '8', '10', '1']",[],[None],"['6', '3']"
225,6 finished I/O → ready queue,io_to_ready,6,IO0,"['4', '2', '9', '7', '5', '8', '10', '1', '6']",[],[None],"[None, '3']"
225,4 dispatched to CPU0,dispatch_cpu,4,CPU0,"['2', '9', '7', '5', '8', '10', '1', '6']",[],['4'],"[None, '3']"
227,4 finished CPU → ready queue,cpu_to_ready,4,CPU0,"['2', '9', '7', '5', '8', '10', '1', '6', '4']",[],[None],"[None, '3']"
227,2 dispatched to CPU0,dispatch_cpu,2,CPU0,"['9', '7', '5', '8', '10', '1', '6', '4']",[],['2'],"[None, '3']"
228,2 finished CPU → wait queue,cpu_to_io,2,CPU0,"['9', '7', '5', '8', '10', '1', '6', '4']",['2'],[None],"[None, '3']"
228,9 dispatched to CPU0,dispatch_cpu,9,CPU0,"['7', '5', '8', '10', '1', '6', '4']",['2'],['9'],"[None, '3']"
228,2 dispatched to IO0,dispatch_io,2,IO0,"['7', '5', '8', '10', '1', '6', '4']",[],['9'],"['2', '3']"
229,3 finished I/O → ready queue,io_to_ready,3,IO1,"['7', '5', '8', '10', '1', '6', '4', '3']",[],['9'],"['2', None]"
230,9 finished CPU → wait queue,cpu_to_io,9,CPU0,"['7', '5', '8', '10', '1', '6', '4', '3']",['9'],[None],"['2', None]"
230,7 dispatched to CPU0,dispatch_cpu,7,CPU0,"['5', '8', '10', '1', '6', '4', '3']",['9'],['7'],"['2', None]"
230,9 dispatched to IO1,dispatch_io,9,IO1,"['5', '8', '10', '1', '6', '4', '3']",[],['7'],"['2', '9']"
232,7 preempted (RR quantum expired),preempt_cpu,7,CPU0,"['5', '8', '10', '1', '6', '4', '3', '7']",[],[None],"['2', '9']"
232,5 dispatched to CPU0,dispatch_cpu,5,CPU0,"['8', '10', '1', '6', '4', '3', '7']",[],['5'],"['2', '9']"
234,5 preempted (RR quantum expired),preempt_cpu,5,CPU0,"['8', '10', '1', '6', '4', '3', '7', '5']",[],[None],"['2', '9']"
234,8 dispatched to CPU0,dispatch_cpu,8,CPU0,"['10', '1', '6', '4', '3', '7', '5']",[],['8'],"['2', '9']"
235,8 finished CPU → ready queue,cpu_to_ready,8,CPU0,"['10', '1', '6', '4', '3', '7', '5', '8']",[],[None],"['2', '9']"
235,10 dispatched to CPU0,dispatch_cpu,10,CPU0,"['1', '6', '4', '3', '7', '5', '8']",[],['10'],"['2', '9']"
236,10 finished CPU → ready queue,cpu_to_ready,10,CPU0,"['1', '6', '4', '3', '7', '5', '8', '10']",[],[None],"['2', '9']"
236,1 dispatched to CPU0,dispatch_cpu,1,CPU0,"['6', '4', '3', '7', '5', '8', '10']",[],['1'],"['2', '9']"
238,1 preempted (RR quantum expired),preempt_cpu,1,CPU0,"['6', '4', '3', '7', '5', '8', '10', '1']",[],[None],"['2', '9']"
238,6 dispatched to CPU0,dispatch_cpu,6,CPU0,"['4', '3', '7', '5', '8', '10', '1']",[],['6'],"['2', '9']"
240,6 preempted (RR quantum expired),preempt_cpu,6,CPU0,"['4', '3', '7', '5', '8', '10', '1', '6']",[],[None],"['2', '9']"
240,4 dispatched to CPU0,dispatch_cpu,4,CPU0,"['3', '7', '5', '8', '10', '1', '6']",[],['4'],"['2', '9']"
241,9 finished I/O → ready queue,io_to_ready,9,IO1,"['3', '7', '5', '8', '10', '1', '6', '9']",[],['4'],"['2', None]"
242,4 preempted (RR quantum expired),preempt_cpu,4,CPU0,"['3', '7', '5', '8', '10', '1', '6', '9', '4']",[],[None],"['2', None]"
242,3 dispatched to CPU0,dispatch_cpu,3,CPU0,"['7', '5', '8', '10', '1', '6', '9', '4']",[],['3'],"['2', None]"
244,3 preempted (RR quantum expired),preempt_cpu,3,CPU0,"['7', '5', '8', '10', '1', '6', '9', '4', '3']",[],[None],"['2', None]"
244,7 dispatched to CPU0,dispatch_cpu,7,CPU0,"['5', '8', '10', '1', '6', '9', '4', '3']",[],['7'],"['2', None]"
245,7 finished CPU → ready queue,cpu_to_ready,7,CPU0,"['5', '8', '10', '1', '6', '9', '4', '3', '7']",[],[None],"['2', None]"
245,5 dispatched to CPU0,dispatch_cpu,5,CPU0,"['8', '10', '1', '6', '9', '4', '3', '7']",[],['5'],"['2', None]"
246,5 finished CPU → ready queue,cpu_to_ready,5,CPU0,"['8', '10', '1', '6', '9', '4', '3', '7', '5']",[],[None],"['2', None]"
246,8 dispatched to CPU0,dispatch_cpu,8,CPU0,"['10', '1', '6', '9', '4', '3', '7', '5']",[],['8'],"['2', None]"
248,8 preempted (RR quantum expired),preempt_cpu,8,CPU0,"['10', '1', '6', '9', '4', '3', '7', '5', '8']",[],[None],"['2', None]"
248,10 dispatched to CPU0,dispatch_cpu,10,CPU0,"['1', '6', '9', '4', '3', '7', '5', '8']",[],['10'],"['2', None]"
249,10 finished CPU → ready queue,cpu_to_ready,10,CPU0,"['1', '6', '9', '4', '3', '7', '5', '8', '10']",[],[None],"['2', None]"
249,2 finished I/O → ready queue,io_to_ready,2,IO0,"['1', '6', '9', '4', '3', '7', '5', '8', '10', '2']",[],[None],"[None, None]"
249,1 dispatched to CPU0,dispatch_cpu,1,CPU0,"['6', '9', '4', '3', '7', '5', '8', '10', '2']",[],['1'],"[None, None]"
251,1 preempted (RR quantum expired),preempt_cpu,1,CPU0,"['6', '9', '4', '3', '7', '5', '8', '10', '2', '1']",[],[None],"[None, None]"
251,6 dispatched to CPU0,dispatch_cpu,6,CPU0,"['9', '4', '3', '7', '5', '8', '10', '2', '1']",[],['6'],"[None, None]"
253,6 preempted (RR quantum expired),preempt_cpu,6,CPU0,"['9', '4', '3', '7', '5', '8', '10', '2', '1', '6']",[],[None],"[None, None]"
253,9 dispatched to CPU0,dispatch_cpu,9,CPU0,"['4', '3', '7', '5', '8', '10', '2', '1', '6']",[],['9'],"[None, None]"
255,9 preempted (RR quantum expired),preempt_cpu,9,CPU0,"['4', '3', '7', '5', '8', '10', '2', '1', '6', '9']",[],[None],"[None, None]"
255,4 dispatched to CPU0,dispatch_cpu,4,CPU0,"['3', '7', '5', '8', '10', '2', '1', '6', '9']",[],['4'],"[None, None]"
257,4 preempted (RR quantum expired),preempt_cpu,4,CPU0,"['3', '7', '5', '8', '10', '2', '1', '6', '9', '4']",[],[None],"[None, None]"
257,3 dispatched to CPU0,dispatch_cpu,3,CPU0,"['7', '5', '8', '10', '2', '1', '6', '9', '4']",[],['3'],"[None, None]"
259,3 preempted (RR quantum expired),preempt_cpu,3,CPU0,"['7', '5', '8', '10', '2', '1', '6', '9', '4', '3']",[],[None],"[None, None]"
259,7 dispatched to CPU0,dispatch_cpu,7,CPU0,"['5', '8', '10', '2', '1', '6', '9', '4', '3']",[],['7'],"[None, None]"
261,7 preempted (RR quantum expired),preempt_cpu,7,CPU0,"['5', '8', '10', '2', '1', '6', '9', '4', '3', '7']",[],[None],"[None, None]"
261,5 dispatched to CPU0,dispatch_cpu,5,CPU0,"['8', '10', '2', '1', '6', '9', '4', '3', '7']",[],['5'],"[None, None]"
263,5 finished CPU → wait queue,cpu_to_io,5,CPU0,"['8', '10', '2', '1', '6', '9', '4', '3', '7']",['5'],[None],"[None, None]"
263,8 dispatched to CPU0,dispatch_cpu,8,CPU0,"['10', '2', '1', '6', '9', '4', '3', '7']",['5'],['8'],"[None, None]"
263,5 dispatched to IO0,dispatch_io,5,IO0,"['10', '2', '1', '6', '9', '4', '3', '7']",[],['8'],"['5', None]"
265,8 preempted (RR quantum expired),preempt_cpu,8,CPU0,"['10', '2', '1', '6', '9', '4', '3', '7', '8']",[],[None],"['5', None]"
265,10 dispatched to CPU0,dispatch_cpu,10,CPU0,"['2', '1', '6', '9', '4', '3', '7', '8']",[],['10'],"['5', None]"
267,10 preempted (RR quantum expired),preempt_cpu,10,CPU0,"['2', '1', '6', '9', '4', '3', '7', '8', '10']",[],[None],"['5', None]"
267,2 dispatched to CPU0,dispatch_cpu,2,CPU0,"['1', '6', '9', '4', '3', '7', '8', '10']",[],['2'],"['5', None]"
269,2 preempted (RR quantum expired),preempt_cpu,2,CPU0,"['1', '6', '9', '4', '3', '7', '8', '10', '2']",[],[None],"['5', None]"
269,1 dispatched to CPU0,dispatch_cpu,1,CPU0,"['6', '9', '4', '3', '7', '8', '10', '2']",[],['1'],"['5', None]"
270,1 finished CPU → wait queue,cpu_to_io,1,CPU0,"['6', '9', '4', '3', '7', '8', '10', '2']",['1'],[None],"['5', None]"
270,6 dispatched to CPU0,dispatch_cpu,6,CPU0,"['9', '4', '3', '7', '8', '10', '2']",['1'],['6'],"['5', None]"
270,1 dispatched to IO1,dispatch_io,1,IO1,"['9', '4', '3', '7', '8', '10', '2']",[],['6'],"['5', '1']"
272,6 preempted (RR quantum expired),preempt_cpu,6,CPU0,"['9', '4', '3', '7', '8', '10', '2', '6']",[],[None],"['5', '1']"
272,9 dispatched to CPU0,dispatch_cpu,9,CPU0,"['4', '3', '7', '8', '10', '2', '6']",[],['9'],"['5', '1']"
274,9 preempted (RR quantum expired),preempt_cpu,9,CPU0,"['4', '3', '7', '8', '10', '2', '6', '9']",[],[None],"['5', '1']"
274,4 dispatched to CPU0,dispatch_cpu,4,CPU0,"['3', '7', '8', '10', '2', '6', '9']",[],['4'],"['5', '1']"
275,4 finished CPU → wait queue,cpu_to_io,4,CPU0,"['3', '7', '8', '10', '2', '6', '9']",['4'],[None],"['5', '1']"
275,3 dispatched to CPU0,dispatch_cpu,3,CPU0,"['7', '8', '10', '2', '6', '9']",['4'],['3'],"['5', '1']"
277,3 preempted (RR quantum expired),preempt_cpu,3,CPU0,"['7', '8', '10', '2', '6', '9', '3']",['4'],[None],"['5', '1']"
277,7 dispatched to CPU0,dispatch_cpu,7,CPU0,"['8', '10', '2', '6', '9', '3']",['4'],['7'],"['5', '1']"
279,7 preempted (RR quantum expired),preempt_cpu,7,CPU0,"['8', '10', '2', '6', '9', '3', '7']",['4'],[None],"['5', '1']"
279,8 dispatched to CPU0,dispatch_cpu,8,CPU0,"['10', '2', '6', '9', '3', '7']",['4'],['8'],"['5', '1']"
281,8 finished CPU → ready queue,cpu_to_ready,8,CPU0,"['10', '2', '6', '9', '3', '7', '8']",['4'],[None],"['5', '1']"
281,10 dispatched to CPU0,dispatch_cpu,10,CPU0,"['2', '6', '9', '3', '7', '8']",['4'],['10'],"['5', '1']"
282,10 finished CPU → ready queue,cpu_to_ready,10,CPU0,"['2', '6', '9', '3', '7', '8', '10']",['4'],[None],"['5', '1']"
282,2 dispatched to CPU0,dispatch_cpu,2,CPU0,"['6', '9', '3', '7', '8', '10']",['4'],['2'],"['5', '1']"
284,2 preempted (RR quantum expired),preempt_cpu,2,CPU0,"['6', '9', '3', '7', '8', '10', '2']",['4'],[None],"['5', '1']"
284,6 dispatched to CPU0,dispatch_cpu,6,CPU0,"['9', '3', '7', '8', '10', '2']",['4'],['6'],"['5', '1']"
285,6 finished CPU → wait queue,cpu_to_io,6,CPU0,"['9', '3', '7', '8', '10', '2']","['4', '6']",[None],"['5', '1']"
285,1 finished I/O → ready queue,io_to_ready,1,IO1,"['9', '3', '7', '8', '10', '2', '1']","['4', '6']",[None],"['5', None]"
285,9 dispatched to CPU0,dispatch_cpu,9,CPU0,"['3', '7', '8', '10', '2', '1']","['4', '6']",['9'],"['5', None]"
285,4 dispatched to IO1,dispatch_io,4,IO1,"['3', '7', '8', '10', '2', '1']",['6'],['9'],"['5', '4']"
287,9 finished CPU → ready queue,cpu_to_ready,9,CPU0,"['3', '7', '8', '10', '2', '1', '9']",['6'],[None],"['5', '4']"
287,3 dispatched to CPU0,dispatch_cpu,3,CPU0,"['7', '8', '10', '2', '1', '9']",['6'],['3'],"['5', '4']"
288,3 finished CPU → ready queue,cpu_to_ready,3,CPU0,"['7', '8', '10', '2', '1', '9', '3']",['6'],[None],"['5', '4']"
288,7 dispatched to CPU0,dispatch_cpu,7,CPU0,"['8', '10', '2', '1', '9', '3']",['6'],['7'],"['5', '4']"
290,7 finished CPU → ready queue,cpu_to_ready,7,CPU0,"['8', '10', '2', '1', '9', '3', '7']",['6'],[None],"['5', '4']"
290,5 finished I/O → ready queue,io_to_ready,5,IO0,"['8', '10', '2', '1', '9', '3', '7', '5']",['6'],[None],"[None, '4']"
290,8 dispatched to CPU0,dispatch_cpu,8,CPU0,"['10', '2', '1', '9', '3', '7', '5']",['6'],['8'],"[None, '4']"
290,6 dispatched to IO0,dispatch_io,6,IO0,"['10', '2', '1', '9', '3', '7', '5']",[],['8'],"['6', '4']"
292,8 preempted (RR quantum expired),preempt_cpu,8,CPU0,"['10', '2', '1', '9', '3', '7', '5', '8']",[],[None],"['6', '4']"
292,10 dispatched to CPU0,dispatch_cpu,10,CPU0,"['2', '1', '9', '3', '7', '5', '8']",[],['10'],"['6', '4']"
294,10 preempted (RR quantum expired),preempt_cpu,10,CPU0,"['2', '1', '9', '3', '7', '5', '8', '10']",[],[None],"['6', '4']"
294,2 dispatched to CPU0,dispatch_cpu,2,CPU0,"['1', '9', '3', '7', '5', '8', '10']",[],['2'],"['6', '4']"
295,4 finished I/O → ready queue,io_to_ready,4,IO1,"['1', '9', '3', '7', '5', '8', '10', '4']",[],['2'],"['6', None]"
296,2 preempted (RR quantum expired),preempt_cpu,2,CPU0,"['1', '9', '3', '7', '5', '8', '10', '4', '2']",[],[None],"['6', None]"
296,1 dispatched to CPU0,dispatch_cpu,1,CPU0,"['9', '3', '7', '5', '8', '10', '4', '2']",[],['1'],"['6', None]"
298,1 preempted (RR quantum expired),preempt_cpu,1,CPU0,"['9', '3', '7', '5', '8', '10', '4', '2', '1']",[],[None],"['6', None]"
298,9 dispatched to CPU0,dispatch_cpu,9,CPU0,"['3', '7', '5', '8', '10', '4', '2', '1']",[],['9'],"['6', None]"
300,9 preempted (RR quantum expired),preempt_cpu,9,CPU0,"['3', '7', '5', '8', '10', '4', '2', '1', '9']",[],[None],"['6', None]"
300,3 dispatched to CPU0,dispatch_cpu,3,CPU0,"['7', '5', '8', '10', '4', '2', '1', '9']",[],['3'],"['6', None]"
302,3 preempted (RR quantum expired),preempt_cpu,3,CPU0,"['7', '5', '8', '10', '4', '2', '1', '9', '3']",[],[None],"['6', None]"
302,7 dispatched to CPU0,dispatch_cpu,7,CPU0,"['5', '8', '10', '4', '2', '1', '9', '3']",[],['7'],"['6', None]"
304,7 preempted (RR quantum expired),preempt_cpu,7,CPU0,"['5', '8', '10', '4', '2', '1', '9', '3', '7']",[],[None],"['6', None]"
304,5 dispatched to CPU0,dispatch_cpu,5,CPU0,"['8', '10', '4', '2', '1', '9', '3', '7']",[],['5'],"['6', None]"
306,5 finished all bursts,finished,5,CPU0,"['8', '10', '4', '2', '1', '9', '3', '7']",[],[None],"['6', None]"
306,6 finished I/O → ready queue,io_to_ready,6,IO0,"['8', '10', '4', '2', '1', '9', '3', '7', '6']",[],[None],"[None, None]"
306,8 dispatched to CPU0,dispatch_cpu,8,CPU0,"['10', '4', '2', '1', '9', '3', '7', '6']",[],['8'],"[None, None]"
308,8 preempted (RR quantum expired),preempt_cpu,8,CPU0,"['10', '4', '2', '1', '9', '3', '7', '6', '8']",[],[None],"[None, None]"
308,10 dispatched to CPU0,dispatch_cpu,10,CPU0,"['4', '2', '1', '9', '3', '7', '6', '8']",[],['10'],"[None, None]"
309,10 finished CPU → ready queue,cpu_to_ready,10,CPU0,"['4', '2', '1', '9', '3', '7', '6', '8', '10']",[],[None],"[None, None]"
309,4 dispatched to CPU0,dispatch_cpu,4,CPU0,"['2', '1', '9', '3', '7', '6', '8', '10']",[],['4'],"[None, None]"
311,4 preempted (RR quantum expired),preempt_cpu,4,CPU0,"['2', '1', '9', '3', '7', '6', '8', '10', '4']",[],[None],"[None, None]"
311,2 dispatched to CPU0,dispatch_cpu,2,CPU0,"['1', '9', '3', '7', '6', '8', '10', '4']",[],['2'],"[None, None]"
313,2 finished CPU → ready queue,cpu_to_ready,2,CPU0,"['1', '9', '3', '7', '6', '8', '10', '4', '2']",[],[None],"[None, None]"
313,1 dispatched to CPU0,dispatch_cpu,1,CPU0,"['9', '3', '7', '6', '8', '10', '4', '2']",[],['1'],"[None, None]"
315,1 preempted (RR quantum expired),preempt_cpu,1,CPU0,"['9', '3', '7', '6', '8', '10', '4', '2', '1']",[],[None],"[None, None]"
315,9 dispatched to CPU0,dispatch_cpu,9,CPU0,"['3', '7', '6', '8', '10', '4', '2', '1']",[],['9'],"[None, None]"
317,9 preempted (RR quantum expired),preempt_cpu,9,CPU0,"['3', '7', '6', '8', '10', '4', '2', '1', '9']",[],[None],"[None, None]"
317,3 dispatched to CPU0,dispatch_cpu,3,CPU0,"['7', '6', '8', '10', '4', '2', '1', '9']",[],['3'],"[None, None]"
319,3 preempted (RR quantum expired),preempt_cpu,3,CPU0,"['7', '6', '8', '10', '4', '2', '1', '9', '3']",[],[None],"[None, None]"
319,7 dispatched to CPU0,dispatch_cpu,7,CPU0,"['6', '8', '10', '4', '2', '1', '9', '3']",[],['7'],"[None, None]"
321,7 preempted (RR quantum expired),preempt_cpu,7,CPU0,"['6', '8', '10', '4', '2', '1', '9', '3', '7']",[],[None],"[None, None]"
321,6 dispatched to CPU0,dispatch_cpu,6,CPU0,"['8', '10', '4', '2', '1', '9', '3', '7']",[],['6'],"[None, None]"
323,6 preempted (RR quantum expired),preempt_cpu,6,CPU0,"['8', '10', '4', '2', '1', '9', '3', '7', '6']",[],[None],"[None, None]"
323,8 dispatched to CPU0,dispatch_cpu,8,CPU0,"['10', '4', '2', '1', '9', '3', '7', '6']",[],['8'],"[None, None]"
325,8 finished CPU → ready queue,cpu_to_ready,8,CPU0,"['10', '4', '2', '1', '9', '3', '7', '6', '8']",[],[None],"[None, None]"
325,10 dispatched to CPU0,dispatch_cpu,10,CPU0,"['4', '2', '1', '9', '3', '7', '6', '8']",[],['10'],"[None, None]"
327,10 preempted (RR quantum expired),preempt_cpu,10,CPU0,"['4', '2', '1', '9', '3', '7', '6', '8', '10']",[],[None],"[None, None]"
327,4 dispatched to CPU0,dispatch_cpu,4,CPU0,"['2', '1', '9', '3', '7', '6', '8', '10']",[],['4'],"[None, None]"
329,4 preempted (RR quantum expired),preempt_cpu,4,CPU0,"['2', '1', '9', '3', '7', '6', '8', '10', '4']",[],[None],"[None, None]"
329,2 dispatched to CPU0,dispatch_cpu,2,CPU0,"['1', '9', '3', '7', '6', '8', '10', '4']",[],['2'],"[None, None]"
330,2 finished all bursts,finished,2,CPU0,"['1', '9', '3', '7', '6', '8', '10', '4']",[],[None],"[None, None]"
330,1 dispatched to CPU0,dispatch_cpu,1,CPU0,"['9', '3', '7', '6', '8', '10', '4']",[],['1'],"[None, None]"
332,1 preempted (RR quantum expired),preempt_cpu,1,CPU0,"['9', '3', '7', '6', '8', '10', '4', '1']",[],[None],"[None, None]"
332,9 dispatched to CPU0,dispatch_cpu,9,CPU0,"['3', '7', '6', '8', '10', '4', '1']",[],['9'],"[None, None]"
333,9 finished CPU → wait queue,cpu_to_io,9,CPU0,"['3', '7', '6', '8', '10', '4', '1']",['9'],[None],"[None, None]"
333,3 dispatched to CPU0,dispatch_cpu,3,CPU0,"['7', '6', '8', '10', '4', '1']",['9'],['3'],"[None, None]"
333,9 dispatched to IO0,dispatch_io,9,IO0,"['7', '6', '8', '10', '4', '1']",[],['3'],"['9', None]"
335,3 preempted (RR quantum expired),preempt_cpu,3,CPU0,"['7', '6', '8', '10', '4', '1', '3']",[],[None],"['9', None]"
335,7 dispatched to CPU0,dispatch_cpu,7,CPU0,"['6', '8', '10', '4', '1', '3']",[],['7'],"['9', None]"
337,7 finished CPU → wait queue,cpu_to_io,7,CPU0,"['6', '8', '10', '4', '1', '3']",['7'],[None],"['9', None]"
337,6 dispatched to CPU0,dispatch_cpu,6,CPU0,"['8', '10', '4', '1', '3']",['7'],['6'],"['9', None]"
337,7 dispatched to IO1,dispatch_io,7,IO1,"['8', '10', '4', '1', '3']",[],['6'],"['9', '7']"
339,6 finished all bursts,finished,6,CPU0,"['8', '10', '4', '1', '3']",[],[None],"['9', '7']"
339,8 dispatched to CPU0,dispatch_cpu,8,CPU0,"['10', '4', '1', '3']",[],['8'],"['9', '7']"
341,8 preempted (RR quantum expired),preempt_cpu,8,CPU0,"['10', '4', '1', '3', '8']",[],[None],"['9', '7']"
341,10 dispatched to CPU0,dispatch_cpu,10,CPU0,"['4', '1', '3', '8']",[],['10'],"['9', '7']"
343,10 preempted (RR quantum expired),preempt_cpu,10,CPU0,"['4', '1', '3', '8', '10']",[],[None],"['9', '7']"
343,4 dispatched to CPU0,dispatch_cpu,4,CPU0,"['1', '3', '8', '10']",[],['4'],"['9', '7']"
345,4 preempted (RR quantum expired),preempt_cpu,4,CPU0,"['1', '3', '8', '10', '4']",[],[None],"['9', '7']"
345,1 dispatched to CPU0,dispatch_cpu,1,CPU0,"['3', '8', '10', '4']",[],['1'],"['9', '7']"
346,9 finished I/O → ready queue,io_to_ready,9,IO0,"['3', '8', '10', '4', '9']",[],['1'],"[None, '7']"
347,1 preempted (RR quantum expired),preempt_cpu,1,CPU0,"['3', '8', '10', '4', '9', '1']",[],[None],"[None, '7']"
347,3 dispatched to CPU0,dispatch_cpu,3,CPU0,"['8', '10', '4', '9', '1']",[],['3'],"[None, '7']"
349,3 preempted (RR quantum expired),preempt_cpu,3,CPU0,"['8', '10', '4', '9', '1', '3']",[],[None],"[None, '7']"
349,8 dispatched to CPU0,dispatch_cpu,8,CPU0,"['10', '4', '9', '1', '3']",[],['8'],"[None, '7']"
351,8 preempted (RR quantum expired),preempt_cpu,8,CPU0,"['10', '4', '9', '1', '3', '8']",[],[None],"[None, '7']"
351,10 dispatched to CPU0,dispatch_cpu,10,CPU0,"['4', '9', '1', '3', '8']",[],['10'],"[None, '7']"
352,7 finished I/O → ready queue,io_to_ready,7,IO1,"['4', '9', '1', '3', '8', '7']",[],['10'],"[None, None]"
353,10 finished CPU → wait queue,cpu_to_io,10,CPU0,"['4', '9', '1', '3', '8', '7']",['10'],[None],"[None, None]"
353,4 dispatched to CPU0,dispatch_cpu,4,CPU0,"['9', '1', '3', '8', '7']",['10'],['4'],"[None, None]"
353,10 dispatched to IO0,dispatch_io,10,IO0,"['9', '1', '3', '8', '7']",[],['4'],"['10', None]"
355,4 preempted (RR quantum expired),preempt_cpu,4,CPU0,"['9', '1', '3', '8', '7', '4']",[],[None],"['10', None]"
355,9 dispatched to CPU0,dispatch_cpu,9,CPU0,"['1', '3', '8', '7', '4']",[],['9'],"['10', None]"
357,9 preempted (RR quantum expired),preempt_cpu,9,CPU0,"['1', '3', '8', '7', '4', '9']",[],[None],"['10', None]"
357,1 dispatched to CPU0,dispatch_cpu,1,CPU0,"['3', '8', '7', '4', '9']",[],['1'],"['10', None]"
359,1 preempted (RR quantum expired),preempt_cpu,1,CPU0,"['3', '8', '7', '4', '9', '1']",[],[None],"['10', None]"
359,3 dispatched to CPU0,dispatch_cpu,3,CPU0,"['8', '7', '4', '9', '1']",[],['3'],"['10', None]"
360,3 finished all bursts,finished,3,CPU0,"['8', '7', '4', '9', '1']",[],[None],"['10', None]"
360,8 dispatched to CPU0,dispatch_cpu,8,CPU0,"['7', '4', '9', '1']",[],['8'],"['10', None]"
361,8 finished CPU → wait queue,cpu_to_io,8,CPU0,"['7', '4', '9', '1']",['8'],[None],"['10', None]"
361,7 dispatched to CPU0,dispatch_cpu,7,CPU0,"['4', '9', '1']",['8'],['7'],"['10', None]"
361,8 dispatched to IO1,dispatch_io,8,IO1,"['4', '9', '1']",[],['7'],"['10', '8']"
363,7 preempted (RR quantum expired),preempt_cpu,7,CPU0,"['4', '9', '1', '7']",[],[None],"['10', '8']"
363,4 dispatched to CPU0,dispatch_cpu,4,CPU0,"['9', '1', '7']",[],['4'],"['10', '8']"
364,4 finished CPU → wait queue,cpu_to_io,4,CPU0,"['9', '1', '7']",['4'],[None],"['10', '8']"
364,9 dispatched to CPU0,dispatch_cpu,9,CPU0,"['1', '7']",['4'],['9'],"['10', '8']"
366,9 preempted (RR quantum expired),preempt_cpu,9,CPU0,"['1', '7', '9']",['4'],[None],"['10', '8']"
366,10 finished I/O → ready queue,io_to_ready,10,IO0,"['1', '7', '9', '10']",['4'],[None],"[None, '8']"
366,1 dispatched to CPU0,dispatch_cpu,1,CPU0,"['7', '9', '10']",['4'],['1'],"[None, '8']"
366,4 dispatched to IO0,dispatch_io,4,IO0,"['7', '9', '10']",[],['1'],"['4', '8']"
368,1 finished CPU → ready queue,cpu_to_ready,1,CPU0,"['7', '9', '10', '1']",[],[None],"['4', '8']"
368,7 dispatched to CPU0,dispatch_cpu,7,CPU0,"['9', '10', '1']",[],['7'],"['4', '8']"
370,7 preempted (RR quantum expired),preempt_cpu,7,CPU0,"['9', '10', '1', '7']",[],[None],"['4', '8']"
370,9 dispatched to CPU0,dispatch_cpu,9,CPU0,"['10', '1', '7']",[],['9'],"['4', '8']"
372,9 finished CPU → ready queue,cpu_to_ready,9,CPU0,"['10', '1', '7', '9']",[],[None],"['4', '8']"
372,10 dispatched to CPU0,dispatch_cpu,10,CPU0,"['1', '7', '9']",[],['10'],"['4', '8']"
373,10 finished all bursts,finished,10,CPU0,"['1', '7', '9']",[],[None],"['4', '8']"
373,1 dispatched to CPU0,dispatch_cpu,1,CPU0,"['7', '9']",[],['1'],"['4', '8']"
375,1 preempted (RR quantum expired),preempt_cpu,1,CPU0,"['7', '9', '1']",[],[None],"['4', '8']"
375,7 dispatched to CPU0,dispatch_cpu,7,CPU0,"['9', '1']",[],['7'],"['4', '8']"
377,7 preempted (RR quantum expired),preempt_cpu,7,CPU0,"['9', '1', '7']",[],[None],"['4', '8']"
377,9 dispatched to CPU0,dispatch_cpu,9,CPU0,"['1', '7']",[],['9'],"['4', '8']"
378,4 finished I/O → ready queue,io_to_ready,4,IO0,"['1', '7', '4']",[],['9'],"[None, '8']"
379,9 preempted (RR quantum expired),preempt_cpu,9,CPU0,"['1', '7', '4', '9']",[],[None],"[None, '8']"
379,1 dispatched to CPU0,dispatch_cpu,1,CPU0,"['7', '4', '9']",[],['1'],"[None, '8']"
381,1 preempted (RR quantum expired),preempt_cpu,1,CPU0,"['7', '4', '9', '1']",[],[None],"[None, '8']"
381,8 finished I/O → ready queue,io_to_ready,8,IO1,"['7', '4', '9', '1', '8']",[],[None],"[None, None]"
381,7 dispatched to CPU0,dispatch_cpu,7,CPU0,"['4', '9', '1', '8']",[],['7'],"[None, None]"
382,7 finished CPU → wait queue,cpu_to_io,7,CPU0,"['4', '9', '1', '8']",['7'],[None],"[None, None]"
382,4 dispatched to CPU0,dispatch_cpu,4,CPU0,"['9', '1', '8']",['7'],['4'],"[None, None]"
382,7 dispatched to IO0,dispatch_io,7,IO0,"['9', '1', '8']",[],['4'],"['7', None]"
384,4 preempted (RR quantum expired),preempt_cpu,4,CPU0,"['9', '1', '8', '4']",[],[None],"['7', None]"
384,9 dispatched to CPU0,dispatch_cpu,9,CPU0,"['1', '8', '4']",[],['9'],"['7', None]"
386,9 preempted (RR quantum expired),preempt_cpu,9,CPU0,"['1', '8', '4', '9']",[],[None],"['7', None]"
386,1 dispatched to CPU0,dispatch_cpu,1,CPU0,"['8', '4', '9']",[],['1'],"['7', None]"
388,1 preempted (RR quantum expired),preempt_cpu,1,CPU0,"['8', '4', '9', '1']",[],[None],"['7', None]"
388,8 dispatched to CPU0,dispatch_cpu,8,CPU0,"['4', '9', '1']",[],['8'],"['7', None]"
390,8 preempted (RR quantum expired),preempt_cpu,8,CPU0,"['4', '9', '1', '8']",[],[None],"['7', None]"
390,4 dispatched to CPU0,dispatch_cpu,4,CPU0,"['9', '1', '8']",[],['4'],"['7', None]"
392,4 preempted (RR quantum expired),preempt_cpu,4,CPU0,"['9', '1', '8', '4']",[],[None],"['7', None]"
392,9 dispatched to CPU0,dispatch_cpu,9,CPU0,"['1', '8', '4']",[],['9'],"['7', None]"
393,7 finished I/O → ready queue,io_to_ready,7,IO0,"['1', '8', '4', '7']",[],['9'],"[None, None]"
394,9 preempted (RR quantum expired),preempt_cpu,9,CPU0,"['1', '8', '4', '7', '9']",[],[None],"[None, None]"
394,1 dispatched to CPU0,dispatch_cpu,1,CPU0,"['8', '4', '7', '9']",[],['1'],"[None, None]"
396,1 preempted (RR quantum expired),preempt_cpu,1,CPU0,"['8', '4', '7', '9', '1']",[],[None],"[None, None]"
396,8 dispatched to CPU0,dispatch_cpu,8,CPU0,"['4', '7', '9', '1']",[],['8'],"[None, None]"
398,8 preempted (RR quantum expired),preempt_cpu,8,CPU0,"['4', '7', '9', '1', '8']",[],[None],"[None, None]"
398,4 dispatched to CPU0,dispatch_cpu,4,CPU0,"['7', '9', '1', '8']",[],['4'],"[None, None]"
400,4 preempted (RR quantum expired),preempt_cpu,4,CPU0,"['7', '9', '1', '8', '4']",[],[None],"[None, None]"
400,7 dispatched to CPU0,dispatch_cpu,7,CPU0,"['9', '1', '8', '4']",[],['7'],"[None, None]"
402,7 preempted (RR quantum expired),preempt_cpu,7,CPU0,"['9', '1', '8', '4', '7']",[],[None],"[None, None]"
402,9 dispatched to CPU0,dispatch_cpu,9,CPU0,"['1', '8', '4', '7']",[],['9'],"[None, None]"
404,9 finished CPU → wait queue,cpu_to_io,9,CPU0,"['1', '8', '4', '7']",['9'],[None],"[None, None]"
404,1 dispatched to CPU0,dispatch_cpu,1,CPU0,"['8', '4', '7']",['9'],['1'],"[None, None]"
404,9 dispatched to IO0,dispatch_io,9,IO0,"['8', '4', '7']",[],['1'],"['9', None]"
406,1 preempted (RR quantum expired),preempt_cpu,1,CPU0,"['8', '4', '7', '1']",[],[None],"['9', None]"
406,8 dispatched to CPU0,dispatch_cpu,8,CPU0,"['4', '7', '1']",[],['8'],"['9', None]"
408,8 preempted (RR quantum expired),preempt_cpu,8,CPU0,"['4', '7', '1', '8']",[],[None],"['9', None]"
408,4 dispatched to CPU0,dispatch_cpu,4,CPU0,"['7', '1', '8']",[],['4'],"['9', None]"
410,4 finished CPU → ready queue,cpu_to_ready,4,CPU0,"['7', '1', '8', '4']",[],[None],"['9', None]"
410,7 dispatched to CPU0,dispatch_cpu,7,CPU0,"['1', '8', '4']",[],['7'],"['9', None]"
412,7 preempted (RR quantum expired),preempt_cpu,7,CPU0,"['1', '8', '4', '7']",[],[None],"['9', None]"
412,1 dispatched to CPU0,dispatch_cpu,1,CPU0,"['8', '4', '7']",[],['1'],"['9', None]"
414,1 preempted (RR quantum expired),preempt_cpu,1,CPU0,"['8', '4', '7', '1']",[],[None],"['9', None]"
414,8 dispatched to CPU0,dispatch_cpu,8,CPU0,"['4', '7', '1']",[],['8'],"['9', None]"
416,8 preempted (RR quantum expired),preempt_cpu,8,CPU0,"['4', '7', '1', '8']",[],[None],"['9', None]"
416,9 finished I/O → ready queue,io_to_ready,9,IO0,"['4', '7', '1', '8', '9']",[],[None],"[None, None]"
416,4 dispatched to CPU0,dispatch_cpu,4,CPU0,"['7', '1', '8', '9']",[],['4'],"[None, None]"
418,4 preempted (RR quantum expired),preempt_cpu,4,CPU0,"['7', '1', '8', '9', '4']",[],[None],"[None, None]"
418,7 dispatched to CPU0,dispatch_cpu,7,CPU0,"['1', '8', '9', '4']",[],['7'],"[None, None]"
419,7 finished CPU → ready queue,cpu_to_ready,7,CPU0,"['1', '8', '9', '4', '7']",[],[None],"[None, None]"
419,1 dispatched to CPU0,dispatch_cpu,1,CPU0,"['8', '9', '4', '7']",[],['1'],"[None, None]"
421,1 finished CPU → ready queue,cpu_to_ready,1,CPU0,"['8', '9', '4', '7', '1']",[],[None],"[None, None]"
421,8 dispatched to CPU0,dispatch_cpu,8,CPU0,"['9', '4', '7', '1']",[],['8'],"[None, None]"
423,8 finished CPU → ready queue,cpu_to_ready,8,CPU0,"['9', '4', '7', '1', '8']",[],[None],"[None, None]"
423,9 dispatched to CPU0,dispatch_cpu,9,CPU0,"['4', '7', '1', '8']",[],['9'],"[None, None]"
425,9 preempted (RR quantum expired),preempt_cpu,9,CPU0,"['4', '7', '1', '8', '9']",[],[None],"[None, None]"
425,4 dispatched to CPU0,dispatch_cpu,4,CPU0,"['7', '1', '8', '9']",[],['4'],"[None, None]"
427,4 preempted (RR quantum expired),preempt_cpu,4,CPU0,"['7', '1', '8', '9', '4']",[],[None],"[None, None]"
427,7 dispatched to CPU0,dispatch_cpu,7,CPU0,"['1', '8', '9', '4']",[],['7'],"[None, None]"
429,7 preempted (RR quantum expired),preempt_cpu,7,CPU0,"['1', '8', '9', '4', '7']",[],[None],"[None, None]"
429,1 dispatched to CPU0,dispatch_cpu,1,CPU0,"['8', '9', '4', '7']",[],['1'],"[None, None]"
431,1 preempted (RR quantum expired),preempt_cpu,1,CPU0,"['8', '9', '4', '7', '1']",[],[None],"[None, None]"
431,8 dispatched to CPU0,dispatch_cpu,8,CPU0,"['9', '4', '7', '1']",[],['8'],"[None, None]"
433,8 preempted (RR quantum expired),preempt_cpu,8,CPU0,"['9', '4', '7', '1', '8']",[],[None],"[None, None]"
433,9 dispatched to CPU0,dispatch_cpu,9,CPU0,"['4', '7', '1', '8']",[],['9'],"[None, None]"
435,9 preempted (RR quantum expired),preempt_cpu,9,CPU0,"['4', '7', '1', '8', '9']",[],[None],"[None, None]"
435,4 dispatched to CPU0,dispatch_cpu,4,CPU0,"['7', '1', '8', '9']",[],['4'],"[None, None]"
436,4 finished all bursts,finished,4,CPU0,"['7', '1', '8', '9']",[],[None],"[None, None]"
436,7 dispatched to CPU0,dispatch_cpu,7,CPU0,"['1', '8', '9']",[],['7'],"[None, None]"
438,7 preempted (RR quantum expired),preempt_cpu,7,CPU0,"['1', '8', '9', '7']",[],[None],"[None, None]"
438,1 dispatched to CPU0,dispatch_cpu,1,CPU0,"['8', '9', '7']",[],['1'],"[None, None]"
440,1 preempted (RR quantum expired),preempt_cpu,1,CPU0,"['8', '9', '7', '1']",[],[None],"[None, None]"
440,8 dispatched to CPU0,dispatch_cpu,8,CPU0,"['9', '7', '1']",[],['8'],"[None, None]"
442,8 preempted (RR quantum expired),preempt_cpu,8,CPU0,"['9', '7', '1', '8']",[],[None],"[None, None]"
442,9 dispatched to CPU0,dispatch_cpu,9,CPU0,"['7', '1', '8']",[],['9'],"[None, None]"
443,9 finished CPU → ready queue,cpu_to_ready,9,CPU0,"['7', '1', '8', '9']",[],[None],"[None, None]"
443,7 dispatched to CPU0,dispatch_cpu,7,CPU0,"['1', '8', '9']",[],['7'],"[None, None]"
445,7 finished CPU → ready queue,cpu_to_ready,7,CPU0,"['1', '8', '9', '7']",[],[None],"[None, None]"
445,1 dispatched to CPU0,dispatch_cpu,1,CPU0,"['8', '9', '7']",[],['1'],"[None, None]"
446,1 finished all bursts,finished,1,CPU0,"['8', '9', '7']",[],[None],"[None, None]"
446,8 dispatched to CPU0,dispatch_cpu,8,CPU0,"['9', '7']",[],['8'],"[None, None]"
448,8 preempted (RR quantum expired),preempt_cpu,8,CPU0,"['9', '7', '8']",[],[None],"[None, None]"
448,9 dispatched to CPU0,dispatch_cpu,9,CPU0,"['7', '8']",[],['9'],"[None, None]"
450,9 preempted (RR quantum expired),preempt_cpu,9,CPU0,"['7', '8', '9']",[],[None],"[None, None]"
450,7 dispatched to CPU0,dispatch_cpu,7,CPU0,"['8', '9']",[],['7'],"[None, None]"
452,7 preempted (RR quantum expired),preempt_cpu,7,CPU0,"['8', '9', '7']",[],[None],"[None, None]"
452,8 dispatched to CPU0,dispatch_cpu,8,CPU0,"['9', '7']",[],['8'],"[None, None]"
454,8 preempted (RR quantum expired),preempt_cpu,8,CPU0,"['9', '7', '8']",[],[None],"[None, None]"
454,9 dispatched to CPU0,dispatch_cpu,9,CPU0,"['7', '8']",[],['9'],"[None, None]"
456,9 preempted (RR quantum expired),preempt_cpu,9,CPU0,"['7', '8', '9']",[],[None],"[None, None]"
456,7 dispatched to CPU0,dispatch_cpu,7,CPU0,"['8', '9']",[],['7'],"[None, None]"
457,7 finished all bursts,finished,7,CPU0,"['8', '9']",[],[None],"[None, None]"
457,8 dispatched to CPU0,dispatch_cpu,8,CPU0,['9'],[],['8'],"[None, None]"
459,8 finished all bursts,finished,8,CPU0,['9'],[],[None],"[None, None]"
459,9 dispatched to CPU0,dispatch_cpu,9,CPU0,[],[],['9'],"[None, None]"
461,9 preempted (RR quantum expired),preempt_cpu,9,CPU0,['9'],[],[None],"[None, None]"
461,9 dispatched to CPU0,dispatch_cpu,9,CPU0,[],[],['9'],"[None, None]"
463,9 preempted (RR quantum expired),preempt_cpu,9,CPU0,['9'],[],[None],"[None, None]"
463,9 dispatched to CPU0,dispatch_cpu,9,CPU0,[],[],['9'],"[None, None]"
464,9 finished CPU → wait queue,cpu_to_io,9,CPU0,[],['9'],[None],"[None, None]"
464,9 dispatched to IO0,dispatch_io,9,IO0,[],[],[None],"['9', None]"
482,9 finished I/O → ready queue,io_to_ready,9,IO0,['9'],[],[None],"[None, None]"
482,9 dispatched to CPU0,dispatch_cpu,9,CPU0,[],[],['9'],"[None, None]"
484,9 preempted (RR quantum expired),preempt_cpu,9,CPU0,['9'],[],[None],"[None, None]"
484,9 dispatched to CPU0,dispatch_cpu,9,CPU0,[],[],['9'],"[None, None]"
485,9 finished all bursts,finished,9,CPU0,[],[],[None],"[None, None]"
